{
	"credit": "Made with Blockbench",
	"parent": "block/block",
	"textures": {
		"2": "block/better_leaves_spruce",
		"3": "block/spruce_leaves",
		"4": "block/spruce_leaves_ce",
		"5": "block/spruce_leaves_di",
		"6": "block/better_leaves_spruce_shang",
		"particle": "block/spruce_leaves"
	},
	"elements": [
		{
			"from": [0, 0, 0],
			"to": [16, 16, 16],
			"faces": {
				"north": {"uv": [0, 0, 16, 16], "texture": "#4", "cullface": "north"},
				"east": {"uv": [0, 0, 16, 16], "texture": "#4", "cullface": "east"},
				"south": {"uv": [0, 0, 16, 16], "texture": "#4", "cullface": "south"},
				"west": {"uv": [0, 0, 16, 16], "texture": "#4", "cullface": "west"},
				"up": {"uv": [0, 0, 16, 16], "texture": "#3", "cullface": "up"},
				"down": {"uv": [0, 0, 16, 16], "texture": "#5", "cullface": "down"}
			}
		},
		{
			"from": [8, -10, -5.95],
			"to": [8, 23.5, 21.35],
			"shade": false,
			"rotation": {"angle": 22.5, "axis": "y", "origin": [8, 0.75, 8], "rescale": true},
			"faces": {
				"east": {"uv": [4, 2.5, 12, 12], "texture": "#2"},
				"west": {"uv": [4, 2.5, 12, 12], "texture": "#2"},
				"up": {"uv": [0, 0, 0, 0], "texture": "#2"},
				"down": {"uv": [0, 0, 0, 0], "texture": "#2"}
			}
		},
		{
			"from": [-5.95, -10, 8],
			"to": [21.35, 23.5, 8],
			"shade": false,
			"rotation": {"angle": 22.5, "axis": "y", "origin": [8, 0.75, 8], "rescale": true},
			"faces": {
				"north": {"uv": [4, 2.5, 12, 12], "texture": "#2"},
				"south": {"uv": [4, 2.5, 12, 12], "texture": "#2"},
				"up": {"uv": [0, 0, 0, 0], "texture": "#2"},
				"down": {"uv": [0, 0, 0, 0], "texture": "#2"}
			}
		},
		{
			"from": [8, -10, -5.95],
			"to": [8, 23.5, 21.35],
			"shade": false,
			"rotation": {"angle": 22.5, "axis": "y", "origin": [8, 0.75, 8], "rescale": true},
			"faces": {
				"east": {"uv": [4, 2.5, 12, 12], "texture": "#6", "cullface": "up"},
				"west": {"uv": [4, 2.5, 12, 12], "texture": "#6", "cullface": "up"},
				"up": {"uv": [0, 0, 0, 0], "texture": "#6"},
				"down": {"uv": [0, 0, 0, 0], "texture": "#6"}
			}
		},
		{
			"from": [-5.95, -10, 8],
			"to": [21.35, 23.5, 8],
			"shade": false,
			"rotation": {"angle": 22.5, "axis": "y", "origin": [8, 0.75, 8], "rescale": true},
			"faces": {
				"north": {"uv": [4, 2.5, 12, 12], "texture": "#6", "cullface": "up"},
				"south": {"uv": [4, 2.5, 12, 12], "texture": "#6", "cullface": "up"},
				"up": {"uv": [0, 0, 0, 0], "texture": "#6"},
				"down": {"uv": [0, 0, 0, 0], "texture": "#6"}
			}
		}
	]
}